frame,wrist_x,wrist_y,wrist_velocity,wrist_acceleration
0,827.4951,626.52905,0.0,0.0
1,852.34607,627.4463,24.867874,24.867874
2,877.197,628.3635,24.867874,0.0
3,887.86273,602.5343,27.944698,3.0768242
4,876.32965,617.72363,19.071648,-8.873051
5,887.7816,598.9482,21.992388,2.9207401
6,884.4442,590.428,9.150525,-12.841863
7,888.93866,596.6241,7.654526,-1.4959989
8,892.8394,592.17725,5.915258,-1.7392683
9,876.9774,602.47394,18.910973,12.995714
10,861.11536,612.7706,18.911024,5.1498413e-05
11,845.25336,623.0673,18.910973,-5.1498413e-05
12,829.39136,633.364,18.910973,0.0
13,813.5293,643.6607,18.911024,5.1498413e-05
14,797.6673,653.9574,18.910973,-5.1498413e-05
15,797.16,645.9681,8.00541,-10.905562
16,796.65265,637.97876,8.00541,0.0
17,867.6646,581.7474,90.57962,82.57421
18,832.95654,635.8055,64.24117,-26.338448
19,851.7579,619.9008,24.626173,-39.614998
20,836.6154,606.4632,20.245089,-4.3810844
21,848.50104,623.31537,20.621922,0.37683296
22,818.8877,636.05237,32.236332,11.61441
23,818.0778,637.87885,1.9979781,-30.238354
24,817.26794,639.7054,1.998034,5.5909157e-05
25,816.45807,641.53186,1.9979781,-5.5909157e-05
26,815.6482,643.3584,1.998034,5.5909157e-05
27,814.8383,645.1849,1.9979781,-5.5909157e-05
28,840.6984,604.9097,47.86264,45.864662
29,848.2866,586.67175,19.753595,-28.109045
30,873.5673,579.76636,26.206839,6.4532433
31,852.2873,594.4728,25.867325,-0.33951378
32,831.0072,609.17926,25.867409,8.392334e-05
33,809.7272,623.8857,25.867325,-8.392334e-05
34,785.80707,636.4194,27.004906,1.1375809
35,805.12317,632.06995,19.799728,-7.2051773
36,824.4393,627.7206,19.799715,-1.335144e-05
37,818.71704,630.1055,6.1993456,-13.600369
38,812.99475,632.4905,6.199402,5.6266785e-05
39,810.9192,640.6998,8.467668,2.2682657
40,817.7246,641.06085,6.814989,-1.6526785
41,827.19366,634.0902,11.758098,4.9431086
42,829.8638,632.98724,2.8889437,-8.869154
43,831.7198,632.8664,1.8599483,-1.0289954
44,833.2815,633.61804,1.7331768,-0.12677145
45,831.29156,632.5595,2.2539542,0.52077734
46,833.86346,632.1713,2.6010292,0.347075
47,836.0689,632.3384,2.2117622,-0.38926697
48,830.2587,645.09155,14.014337,11.802574
49,824.44855,657.8447,14.014337,0.0
50,818.63837,670.5979,14.014337,0.0
51,812.82825,683.351,14.0142565,-8.010864e-05
52,807.01807,696.1042,14.014337,8.010864e-05
53,801.2079,708.85736,14.014337,0.0
54,795.3977,721.61053,14.014337,0.0
55,797.5841,718.9737,3.4253876,-10.588949
56,795.1662,719.29456,2.4391043,-0.9862833
57,795.8177,713.11755,6.211263,3.7721589
58,797.38275,716.3942,3.631254,-2.5800092
59,796.88,712.9901,3.4410384,-0.19021559
60,796.37726,709.58606,3.440978,-6.03199e-05
61,788.16583,683.2296,27.605972,24.164993
62,798.484,699.66705,19.40758,-8.198393
63,814.7541,659.69293,43.15838,23.7508
64,806.8475,673.3989,15.823048,-27.335331
65,803.0768,689.9596,16.984518,1.1614704
66,799.30615,706.5203,16.984564,4.5776367e-05
67,801.29034,712.83746,6.6214247,-10.363139
68,818.3619,703.06305,19.671717,13.050292
69,886.269,628.1775,101.09017,81.41846
70,856.3702,640.9172,32.499817,-68.590355
71,826.47144,653.6569,32.499783,-3.4332275e-05
72,796.57263,666.3966,32.499817,3.4332275e-05
73,812.3154,661.97943,16.350752,-16.149065
74,828.0583,657.56226,16.350811,5.9127808e-05
75,843.8011,653.1451,16.350752,-5.9127808e-05
76,851.66534,641.33307,14.190496,-2.1602554
77,859.52966,629.52106,14.19053,3.33786e-05
78,867.3939,617.70905,14.190496,-3.33786e-05
79,867.4352,617.3542,0.357249,-13.833247
80,867.50653,618.57007,1.217973,0.860724
81,834.5845,621.7484,33.075123,31.85715
82,862.9248,620.10406,28.387995,-4.687128
83,872.72144,621.0979,9.846912,-18.541082
84,862.9342,617.972,10.274301,0.4273882
85,865.0266,609.1291,9.087077,-1.1872234
86,867.11896,600.28613,9.087123,4.5776367e-05
87,869.21136,591.44324,9.087077,-4.5776367e-05
88,871.3037,582.6003,9.087123,4.5776367e-05
89,873.3961,573.7574,9.087077,-4.5776367e-05
90,865.8777,604.18945,31.347052,22.259975
91,884.7495,584.8953,26.989058,-4.357994
92,884.7495,584.8953,0.0,-26.989058
93,884.7495,584.8953,0.0,0.0
94,884.7495,584.8953,0.0,0.0
95,884.7495,584.8953,0.0,0.0
96,884.7495,584.8953,0.0,0.0
97,884.7495,584.8953,0.0,0.0
98,884.7495,584.8953,0.0,0.0
99,884.7495,584.8953,0.0,0.0
100,884.7495,584.8953,0.0,0.0
101,884.7495,584.8953,0.0,0.0
102,884.7495,584.8953,0.0,0.0
103,884.7495,584.8953,0.0,0.0
104,884.7495,584.8953,0.0,0.0
105,884.7495,584.8953,0.0,0.0
106,884.7495,584.8953,0.0,0.0
107,884.7495,584.8953,0.0,0.0
108,884.7495,584.8953,0.0,0.0
109,884.7495,584.8953,0.0,0.0
110,884.7495,584.8953,0.0,0.0
111,884.7495,584.8953,0.0,0.0
112,884.7495,584.8953,0.0,0.0
113,884.7495,584.8953,0.0,0.0
114,884.7495,584.8953,0.0,0.0
115,884.7495,584.8953,0.0,0.0
116,884.7495,584.8953,0.0,0.0
117,884.7495,584.8953,0.0,0.0
118,884.7495,584.8953,0.0,0.0
119,884.7495,584.8953,0.0,0.0
120,884.7495,584.8953,0.0,0.0
121,884.7495,584.8953,0.0,0.0
122,884.7495,584.8953,0.0,0.0
123,884.7495,584.8953,0.0,0.0
124,884.7495,584.8953,0.0,0.0
125,884.7495,584.8953,0.0,0.0
126,884.7495,584.8953,0.0,0.0
127,884.7495,584.8953,0.0,0.0
128,884.7495,584.8953,0.0,0.0
